Airfoil,LiftCoefficient_Cl,DragCoefficient_Cd,LiftToDragRatio,Lift_N,Drag_N
NACA 0012,0.548311355616075,0.0255290404213892,21.4779461572194,302.256634783362,14.0728835322908
NACA 2412,0.767635897862506,0.0434632435843588,17.6617259678879,423.159288696706,23.9591130258778
NACA 4412,0.986960440108936,0.0695750000687013,14.1855614679751,544.061942610051,38.3532187878716
