Airfoil,Maximum_LD_Ratio,Best_AngleOfAttack_deg,Maximum_Cl,Minimum_Cd
NACA 0012,21.4779461572194,5,1.2,0.012
NACA 2412,18.8862741262593,3,1.4,0.014
NACA 4412,16.852713475675,1,1.6,0.016
